{
  "IsEncrypted": false,
  "Values": {
    "FUNCTIONS_WORKER_RUNTIME": "node",
    "APPINSIGHTS_INSTRUMENTATIONKEY": "94d50811-8bc2-4a79-bb4a-f7821051f7d3",
    "AZURE_LOG_ANALYTICS_WORKSPACE_ID": "9bd680aa-31ee-4da1-951a-8b7634acb87a",
    "AzureWebJobsFeatureFlags": "EnableWorkerIndexing",
    "GITHUB_TOKEN": "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",
    "TABLE_NAME": "urls",
    "AzureWebJobsStorage": "DefaultEndpointsProtocol=https;AccountName=stgjtqov5xpbvsia;AccountKey=AcZkaxX/NKCVMlYX2LGd0mjqu3cshXv8BKlb9gmL7j9Amb8Z9Vq9WiPktvkj0lgJW/s8y794eVi0+ASt/uJ15Q==;EndpointSuffix=core.windows.net"
  }
}
